DROP DATABASE IF EXISTS ventas;
CREATE DATABASE ventas CHARACTER SET utf8mb4;
USE ventas;

CREATE TABLE cliente (
  id INT UNSIGNED AUTO_INCREMENT PRIMARY KEY,
  nombre VARCHAR(100) NOT NULL,
  apellido1 VARCHAR(100) NOT NULL,
  apellido2 VARCHAR(100),
  ciudad VARCHAR(100),
  categoría INT UNSIGNED
);

CREATE TABLE comercial (
  id INT UNSIGNED AUTO_INCREMENT PRIMARY KEY,
  nombre VARCHAR(100) NOT NULL,
  apellido1 VARCHAR(100) NOT NULL,
  apellido2 VARCHAR(100),
  comisión FLOAT
);

CREATE TABLE pedido (
  id INT UNSIGNED AUTO_INCREMENT PRIMARY KEY,
  total DOUBLE NOT NULL,
  fecha DATE,
  id_cliente INT UNSIGNED NOT NULL,
  id_comercial INT UNSIGNED NOT NULL,
  FOREIGN KEY (id_cliente) REFERENCES cliente(id),
  FOREIGN KEY (id_comercial) REFERENCES comercial(id)
);

INSERT INTO cliente VALUES(1, 'Aarón', 'Rivero', 'Gómez', 'Almería', 100);
INSERT INTO cliente VALUES(2, 'Adela', 'Salas', 'Díaz', 'Granada', 200);
INSERT INTO cliente VALUES(3, 'Adolfo', 'Rubio', 'Flores', 'Sevilla', NULL);
INSERT INTO cliente VALUES(4, 'Adrián', 'Suárez', NULL, 'Jaén', 300);
INSERT INTO cliente VALUES(5, 'Marcos', 'Loyola', 'Méndez', 'Almería', 200);
INSERT INTO cliente VALUES(6, 'María', 'Santana', 'Moreno', 'Cádiz', 100);
INSERT INTO cliente VALUES(7, 'Pilar', 'Ruiz', NULL, 'Sevilla', 300);
INSERT INTO cliente VALUES(8, 'Pepe', 'Ruiz', 'Santana', 'Huelva', 200);
INSERT INTO cliente VALUES(9, 'Guillermo', 'López', 'Gómez', 'Granada', 225);
INSERT INTO cliente VALUES(10, 'Daniel', 'Santana', 'Loyola', 'Sevilla', 125);

INSERT INTO comercial VALUES(1, 'Daniel', 'Sáez', 'Vega', 0.15);
INSERT INTO comercial VALUES(2, 'Juan', 'Gómez', 'López', 0.13);
INSERT INTO comercial VALUES(3, 'Diego','Flores', 'Salas', 0.11);
INSERT INTO comercial VALUES(4, 'Marta','Herrera', 'Gil', 0.14);
INSERT INTO comercial VALUES(5, 'Antonio','Carretero', 'Ortega', 0.12);
INSERT INTO comercial VALUES(6, 'Manuel','Domínguez', 'Hernández', 0.13);
INSERT INTO comercial VALUES(7, 'Antonio','Vega', 'Hernández', 0.11);
INSERT INTO comercial VALUES(8, 'Alfredo','Ruiz', 'Flores', 0.05);

INSERT INTO pedido VALUES(1, 150.5, '2017-10-05', 5, 2);
INSERT INTO pedido VALUES(2, 270.65, '2016-09-10', 1, 5);
INSERT INTO pedido VALUES(3, 65.26, '2017-10-05', 2, 1);
INSERT INTO pedido VALUES(4, 110.5, '2016-08-17', 8, 3);
INSERT INTO pedido VALUES(5, 948.5, '2017-09-10', 5, 2);
INSERT INTO pedido VALUES(6, 2400.6, '2016-07-27', 7, 1);
INSERT INTO pedido VALUES(7, 5760, '2015-09-10', 2, 1);
INSERT INTO pedido VALUES(8, 1983.43, '2017-10-10', 4, 6);
INSERT INTO pedido VALUES(9, 2480.4, '2016-10-10', 8, 3);
INSERT INTO pedido VALUES(10, 250.45, '2015-06-27', 8, 2);
INSERT INTO pedido VALUES(11, 75.29, '2016-08-17', 3, 7);
INSERT INTO pedido VALUES(12, 3045.6, '2017-04-25', 2, 1);
INSERT INTO pedido VALUES(13, 545.75, '2019-01-25', 6, 1);
INSERT INTO pedido VALUES(14, 145.82, '2017-02-02', 6, 1);
INSERT INTO pedido VALUES(15, 370.85, '2019-03-11', 1, 5);
INSERT INTO pedido VALUES(16, 2389.23, '2019-03-11', 1, 5);


-- EJERCICIO 1. Devuelve un listado con todos los pedidos que ha realizado Adela Salas Díaz.
SELECT p.* FROM cliente c
JOIN pedido p ON c.id = p.id_cliente
WHERE nombre = "Adela" AND apellido1 = "Salas" AND apellido2 = "Díaz";

-- EJERCICIO 2. Devuelve el número de pedidos en los que ha participado el comercial Daniel Sáez Vega.
SELECT COUNT(*) FROM comercial c
JOIN pedido p ON c.id = p.id_comercial
WHERE nombre = "Daniel" AND apellido1 = "Sáez" AND apellido2 = "Vega";

-- EJERCICIO 3. Devuelve un listado de los clientes que no han realizado ningún pedido.
SELECT c.* FROM cliente c
LEFT JOIN pedido p ON c.id = p.id_cliente
WHERE p.id IS NULL;

SELECT * FROM cliente
WHERE id NOT IN (SELECT id_cliente FROM pedido);

/*
-- EJERCICIO 4. Devuelve un listado con los datos de los clientes y los pedidos, 
de todos los clientes que han realizado un pedido durante el año 2017 
con un valor mayor o igual al valor medio de los pedidos realizados durante ese mismo año.
*/
SELECT * FROM cliente c
JOIN pedido p ON c.id = p.id_cliente
WHERE YEAR(fecha) = 2017 AND total >= (SELECT AVG(total) FROM pedido WHERE YEAR(fecha) = 2017);

-- EJERCICIO 5. Devuelve la fecha y la cantidad del pedido de menor valor realizado por el cliente Pepe Ruiz Santana.
SELECT fecha, total 
FROM pedido p
JOIN cliente c ON p.id_cliente = c.id
WHERE nombre = "Pepe" AND apellido1 = "Ruiz" AND apellido2 = "Santana"